{
  "status": "analyzed",
  "result": {
    "segments": [
      {
        "end": 3.978,
        "text": "Respuesta others NEU",
        "start": 1.237,
        "speaker": "SPEAKER_01",
        "analysis": {
          "emotion": "others",
          "sentiment": "NEU",
          "hate_speech": "",
          "emotion_probas": {
            "joy": 0.013123362325131891,
            "fear": 0.0007796105346642435,
            "anger": 0.0006305593415163457,
            "others": 0.981808602809906,
            "disgust": 0.0006178756593726575,
            "sadness": 0.0011585716856643558,
            "surprise": 0.0018814551876857877
          },
          "sentiment_probas": {
            "NEG": 0.014547147788107395,
            "NEU": 0.6416703462600708,
            "POS": 0.3437824845314026
          },
          "hate_speech_probas": {
            "hateful": 0.01437643077224493,
            "targeted": 0.007726926822215319,
            "aggressive": 0.007029833272099495
          }
        }
      },
      {
        "end": 7.58,
        "text": "Respuesta joy POST",
        "start": 3.998,
        "speaker": "SPEAKER_02",
        "analysis": {
          "emotion": "joy",
          "sentiment": "POS",
          "hate_speech": "",
          "emotion_probas": {
            "joy": 0.01243017055094242,
            "fear": 0.0007419888279400766,
            "anger": 0.0004564009723253548,
            "others": 0.9830842614173888,
            "disgust": 0.0005774050368927419,
            "sadness": 0.001132105360738933,
            "surprise": 0.0015776377404108644
          },
          "sentiment_probas": {
            "NEG": 0.02521441876888275,
            "NEU": 0.6519670486450195,
            "POS": 0.3228185474872589
          },
          "hate_speech_probas": {
            "hateful": 0.019260570406913757,
            "targeted": 0.007035186514258385,
            "aggressive": 0.008100524544715881
          }
        }
      },
      {
        "end": 23.788,
        "text": "Respuesta anger NEG",
        "start": 8.12,
        "speaker": "SPEAKER_01",
        "analysis": {
          "emotion": "anger",
          "sentiment": "NEG",
          "hate_speech": "",
          "emotion_probas": {
            "joy": 0.002861229469999671,
            "fear": 0.002444822108373046,
            "anger": 0.016698868945240974,
            "others": 0.9498854279518129,
            "disgust": 0.00603437889367342,
            "sadness": 0.011178219690918922,
            "surprise": 0.010897050611674786
          },
          "sentiment_probas": {
            "NEG": 0.6277569532394409,
            "NEU": 0.3632716536521912,
            "POS": 0.008971413597464561
          },
          "hate_speech_probas": {
            "hateful": 0.023626508191227913,
            "targeted": 0.016712231561541557,
            "aggressive": 0.012298387475311756
          }
        }
      },
      {
        "end": 29.871,
        "text": "Respuesta fear NEU",
        "start": 24.769,
        "speaker": "SPEAKER_01",
        "analysis": {
          "emotion": "fear",
          "sentiment": "NEU",
          "hate_speech": "",
          "emotion_probas": {
            "joy": 0.0018860595300793648,
            "fear": 0.0030349395237863064,
            "anger": 0.0029976055957376957,
            "others": 0.9730167388916016,
            "disgust": 0.0014156748075038197,
            "sadness": 0.002700147219002247,
            "surprise": 0.01494873594492674
          },
          "sentiment_probas": {
            "NEG": 0.10622208565473557,
            "NEU": 0.871715784072876,
            "POS": 0.022062096744775772
          },
          "hate_speech_probas": {
            "hateful": 0.06940647959709167,
            "targeted": 0.011384768411517143,
            "aggressive": 0.022406166419386864
          }
        }
      },
      {
        "end": 30.792,
        "text": "Respuesta disgust NEG",
        "start": 29.931,
        "speaker": "SPEAKER_00",
        "analysis": {
          "emotion": "disgust",
          "sentiment": "NEG",
          "hate_speech": "",
          "emotion_probas": {
            "joy": 0.027384400367736816,
            "fear": 0.0025902907364070415,
            "anger": 0.004347419366240501,
            "others": 0.8614513874053955,
            "disgust": 0.0032568415626883507,
            "sadness": 0.09234295785427094,
            "surprise": 0.008626763708889484
          },
          "sentiment_probas": {
            "NEG": 0.09835390746593475,
            "NEU": 0.7291225790977478,
            "POS": 0.17252345383167267
          },
          "hate_speech_probas": {
            "hateful": 0.03313896059989929,
            "targeted": 0.012077218852937222,
            "aggressive": 0.021258877590298653
          }
        }
      },
      {
        "end": 33.178,
        "text": "Respuesta sadness NEG",
        "start": 32.037,
        "speaker": "SPEAKER_00",
        "analysis": {
          "emotion": "sadness",
          "sentiment": "NEG",
          "hate_speech": "",
          "emotion_probas": {
            "joy": 0.0007346220663748682,
            "fear": 0.002922552404925227,
            "anger": 0.0007821738254278898,
            "others": 0.9778413772583008,
            "disgust": 0.000756691733840853,
            "sadness": 0.0015466591576114297,
            "surprise": 0.01541581191122532
          },
          "sentiment_probas": {
            "NEG": 0.34248510003089905,
            "NEU": 0.6240619421005249,
            "POS": 0.03345295041799545
          },
          "hate_speech_probas": {
            "hateful": 0.08540703356266022,
            "targeted": 0.010237299837172031,
            "aggressive": 0.01608731783926487
          }
        }
      },
      {
        "end": 34.318,
        "text": "Respuesta surprise POS",
        "start": 34.138,
        "speaker": "SPEAKER_00",
        "analysis": {
          "emotion": "surprise",
          "sentiment": "POS",
          "hate_speech": "",
          "emotion_probas": {
            "joy": 0.1962425857782364,
            "fear": 0.016453389078378677,
            "anger": 0.009468372911214828,
            "others": 0.699422299861908,
            "disgust": 0.006130476016551256,
            "sadness": 0.031361017376184464,
            "surprise": 0.040921907871961594
          },
          "sentiment_probas": {
            "NEG": 0.1430424600839615,
            "NEU": 0.4860915243625641,
            "POS": 0.370866060256958
          },
          "hate_speech_probas": {
            "hateful": 0.07332728803157806,
            "targeted": 0.022988414391875267,
            "aggressive": 0.036197107285261154
          }
        }
      }
    ]
  },
  "metadata": {
    "task_type": "Transcripcion + Diarizacion + Analisis Sentimiento",
    "task_params": {
      "task": "transcribe",
      "model": "large-v3",
      "device": "cuda",
      "threads": 0,
      "language": "es",
      "batch_size": 8,
      "align_model": null,
      "asr_options": {
        "patience": 1,
        "beam_size": 5,
        "temperatures": 0,
        "initial_prompt": null,
        "length_penalty": 1,
        "suppress_tokens": [-1],
        "suppress_numerals": false,
        "log_prob_threshold": -1,
        "no_speech_threshold": 0.6,
        "compression_ratio_threshold": 2.4
      },
      "vad_options": {
        "vad_onset": 0.5,
        "vad_offset": 0.363
      },
      "compute_type": "float16",
      "device_index": 0,
      "max_speakers": 2,
      "min_speakers": 2,
      "interpolate_method": "nearest",
      "return_char_alignments": false
    },
    "language": "es",
    "file_name": "11703-15374692-20240702091824.mp3",
    "url": null,
    "duration": 45.8808,
    "audio_duration": null
  },
  "error": null
}
